paper,year,venue,venue_role,topic,video_or_skeleton,continual_or_online,human_feedback,personalization,safety_or_contamination,key_relevance,core_corpus
Self-Trained Deep Ordinal Regression for End-to-End Video Anomaly Detection,2020,CVPR,top-tier main conference,human-in-the-loop video anomaly detection,video,no,yes,no,no,Shows human-in-the-loop anomaly detection itself is not novel,yes
Towards Non-Parametric Drift Detection via Dynamic Adapting Window Independence Drift Detection (DAWIDD),2020,ICML,top-tier main conference,concept drift,generic,online,no,no,no,Establishes mature drift-detection literature; drift alone is not novelty,yes
Incremental Learning in Online Scenario,2020,CVPR,top-tier main conference,online continual learning with concept drift,image,yes,no,no,no,Handles new observations of old classes and concept drift,yes
DriftSurf: Stable-State / Reactive-State Learning under Concept Drift,2021,ICML,top-tier main conference,concept drift,generic,online,no,no,stability to false drift alarms,Shows principled stable/reactive adaptation to drift,yes
Continual Prototype Evolution: Learning Online From Non-Stationary Data Streams,2021,ICCV,top-tier main conference,continual prototypes and nonstationarity,generic,yes,no,no,no,Prototype evolution and CL+drift are established,yes
Online anomaly detection in surveillance videos with asymptotic bound on false alarm rate,2021,Pattern Recognition,Q1/high-quality journal,online video anomaly detection,video,online,no,no,false-alarm control,Online VAD and false-alarm control already established,yes
Continual Learning for Anomaly Detection in Surveillance Videos,2020,CVPR Workshop,novelty sentinel only,continual human-feedback VAD,video,yes,yes,no,no,Very close precursor: false alarms labeled by human and added to memory; blocks broad first-of-kind claims,no
Rethinking Video Anomaly Detection - A Continual Learning Approach,2022,WACV,secondary/context pending rank policy,continual video anomaly detection,video,yes,limited/unclear,no,no,Important historical continuation; retain only if venue passes final quality audit,pending
One-for-More: Continual Diffusion Model for Anomaly Detection,2025,CVPR,top-tier main conference,continual anomaly detection,image,yes,no,no,forgetting control,Direct evidence that continual anomaly detection is established,yes
